{
  "C1x": 0.664406,
  "C1y": 0.053927,
  "C1z": -0.116920,
  "C7x": 0.425013,
  "C7y": -0.156756,
  "C7z": 0.077966,
  "T5x": 0.289437,
  "T5y": 0.005209,
  "T5z": -0.074793,
  "T12x": 0.604223,
  "T12y": 0.255447,
  "T12z": -0.110010,
  "L5x": 0.422400,
  "L5y": -0.087597,
  "L5z": -0.168612,
  "cervical_angle": 41.64,
  "thoracic_angle": 25.15,
  "lumbar_angle": 37.17,
  "scoliosis_angle": 3.09
}